Feature,Importance
lub oil temp,0.44380803222567144
Lub oil pressure,0.2623283014350058
Coolant temp,0.17381655733951937
Fuel pressure,0.07296659187442008
Coolant pressure,0.02874489790007528
Engine rpm,0.018335647164985328
