Feature,Importance
lub oil temp,0.4127531478963764
Lub oil pressure,0.29297427630368816
Coolant temp,0.17317190607133368
Fuel pressure,0.07658190647821271
Coolant pressure,0.026420085980634205
Engine rpm,0.018098664231238827
