Feature,Importance
lub oil temp,0.4525557590750112
Lub oil pressure,0.257196823202369
Coolant temp,0.16043594862223853
Fuel pressure,0.07897357830165858
Coolant pressure,0.03319295477246487
Engine rpm,0.01764495372138671
