{
  "mean": [
    1351.1387789067421,
    2.501270192768056,
    12.4969086575593,
    2.1463872461823046,
    87.55443811583459,
    92.54327039527303
  ],
  "scale": [
    254.61220562234783,
    0.6261824423873527,
    3.57235422723613,
    0.553184997821602,
    9.132049032124021,
    10.12865380223314
  ]
}